1,2,3,4,5,6,7,8,9,10,11,12,13,14,15,16,17,18,19,20,21,22,23,24,25,26,27,28,29,30
0,0,0,0,0,0,0,0,0,0,0,0,0,0,0,0,0,0,0,0,0,0,0,0,0,0,0,0,0,0
2,7,4,0,2,0,0,0,0,0,0,0,0,0,0,0,0,0,0,0,0,0,0,0,0,0,0,0,0,0
7,11,9,6,5,2,4,5,6,0,0,0,0,0,0,0,0,0,0,0,0,0,0,0,0,0,0,0,0,0
9,13,10,6,6,5,4,8,5,4,1,0,0,0,0,0,0,0,0,0,0,0,0,0,0,0,0,0,0,0
14,16,16,10,11,6,11,16,13,6,0,0,0,0,0,0,0,0,0,0,0,0,0,0,0,0,0,0,0,0
19,20,17,16,10,9,7,18,11,7,0,1,0,0,0,0,0,0,0,0,0,0,0,0,0,0,0,0,0,0
27,24,24,20,17,15,9,24,16,6,3,0,0,2,0,0,0,0,0,0,0,0,0,0,0,0,0,0,0,0
29,25,24,21,12,20,9,21,11,5,2,0,0,0,0,0,0,0,0,0,0,0,0,0,0,0,0,0,0,0
38,31,31,28,16,25,18,26,16,4,1,0,0,0,0,0,0,0,0,0,0,0,0,0,0,0,0,0,0,0
45,34,38,31,17,26,23,24,14,6,0,0,0,0,0,0,0,0,0,2,0,0,0,0,0,0,0,0,0,0
49,35,46,37,21,28,27,26,16,9,0,2,2,0,0,0,0,0,0,0,0,0,0,0,0,0,0,0,0,0
53,45,48,42,21,37,23,26,16,12,0,5,3,0,0,0,0,0,0,0,0,0,0,0,0,0,0,0,0,0
58,53,51,46,23,36,27,30,17,11,0,7,0,0,0,0,0,0,0,1,0,0,0,0,0,0,0,0,0,0
63,56,52,49,27,39,23,29,18,8,3,3,0,0,1,0,0,0,0,0,0,0,0,0,0,0,0,0,0,0
68,61,58,52,30,40,30,32,20,9,1,8,0,0,2,0,0,0,0,0,0,0,0,0,0,0,0,0,0,0
80,65,59,51,30,43,29,31,19,13,3,2,2,0,1,0,0,0,0,0,0,0,0,0,0,0,0,0,0,0
89,73,63,52,37,45,41,32,22,14,3,5,0,1,0,0,0,0,0,0,0,0,0,0,0,0,0,0,0,0
93,72,65,56,38,54,37,33,17,12,4,1,1,0,0,0,0,0,0,0,0,0,0,0,0,0,0,0,0,0
98,78,67,63,43,51,43,37,19,10,6,3,0,0,0,0,0,0,0,0,0,0,0,0,0,0,0,0,0,0
101,81,72,63,46,53,43,33,19,9,8,0,0,1,0,0,0,1,0,0,0,0,0,0,0,0,0,0,0,0
104,84,76,68,53,53,50,40,25,10,7,0,0,1,0,0,0,0,0,0,0,0,0,0,0,0,0,0,0,0
106,87,79,73,52,55,45,35,26,10,5,0,0,0,0,0,0,0,0,0,0,0,0,0,0,0,0,0,0,0
113,90,87,78,54,55,49,43,30,14,2,5,0,0,0,0,0,0,0,0,0,0,0,0,0,0,0,0,0,0
116,91,87,78,53,60,49,42,28,14,0,6,0,0,0,4,0,0,0,0,0,0,0,0,0,0,0,0,0,0
122,93,93,83,63,64,51,49,34,13,0,11,0,0,0,2,0,0,0,0,0,0,0,0,0,0,0,0,0,0
125,98,100,81,62,65,49,45,32,14,0,6,0,0,2,0,0,0,0,0,0,0,0,0,0,0,0,0,0,0
131,100,106,87,71,65,55,49,37,17,0,6,0,0,0,0,0,0,0,0,0,0,0,0,0,0,0,0,0,0
137,103,111,92,72,67,51,47,39,18,0,1,3,0,0,0,0,0,0,0,0,0,0,0,0,0,0,0,0,0
144,107,116,99,78,67,59,52,38,18,0,4,5,0,0,0,0,0,0,0,0,0,0,0,0,0,0,0,0,0
147,111,119,99,74,70,61,49,40,17,0,1,0,0,0,0,0,0,0,0,0,0,0,0,0,0,0,0,0,0
153,118,124,101,82,71,64,51,47,16,0,4,0,0,1,0,0,0,0,0,0,0,0,0,0,0,0,0,0,0
157,119,124,106,86,76,62,54,47,20,0,3,0,0,0,0,0,0,0,0,0,0,0,0,0,0,0,0,0,0
163,125,129,109,92,77,65,56,53,26,1,2,0,0,0,0,0,0,0,0,0,0,0,0,0,0,0,0,0,0
165,126,135,111,94,80,62,53,52,25,3,0,0,0,0,0,0,0,0,0,0,0,0,0,0,0,0,0,0,0
173,129,137,116,99,80,67,60,59,25,0,0,2,0,1,0,0,0,0,0,0,0,0,0,0,0,0,0,0,0
175,134,142,121,100,84,68,63,59,26,1,0,0,1,0,0,0,0,0,0,0,0,0,0,0,0,0,0,0,0
176,136,148,129,106,83,71,67,63,24,1,3,0,1,0,0,0,0,0,0,0,0,0,0,0,0,0,0,0,0
184,137,148,131,108,86,67,63,59,24,0,3,0,1,0,0,0,0,0,0,0,0,0,0,0,0,0,0,0,0
185,142,153,136,114,88,73,67,62,25,0,1,0,0,0,0,0,0,0,0,0,0,0,0,0,0,0,0,0,0
188,143,154,140,113,90,71,62,59,24,0,1,0,0,0,0,0,0,0,0,0,0,0,0,0,0,0,0,0,0
191,147,157,144,120,89,76,68,67,21,0,1,0,1,0,0,0,0,0,0,0,0,0,0,0,0,0,0,0,0
193,153,159,146,120,93,73,65,65,19,1,0,1,0,0,0,0,0,0,0,0,0,0,0,0,0,0,0,0,0
201,160,163,153,127,93,80,67,69,23,6,0,2,0,0,0,0,0,0,0,0,0,0,0,0,0,0,0,0,0
207,160,162,155,127,96,77,65,67,25,0,0,7,4,0,0,0,0,0,0,0,0,0,0,0,0,0,0,0,0
210,166,169,160,136,96,82,67,70,24,0,1,3,6,0,0,0,0,0,0,0,0,0,0,0,0,0,0,0,0
212,165,170,163,137,98,81,63,68,25,0,4,0,4,0,0,0,0,0,0,0,0,0,0,0,0,0,0,0,0
219,169,173,165,141,101,85,68,70,22,0,0,0,5,0,0,0,0,0,0,0,0,0,0,0,0,0,0,0,0
223,173,176,168,144,101,82,67,68,21,1,0,2,1,0,0,0,0,0,0,0,0,0,0,0,0,0,0,0,0
227,178,182,169,147,105,86,73,71,24,2,0,1,0,0,0,0,0,0,0,0,0,0,0,0,0,0,0,0,0
229,180,186,171,148,109,87,69,70,24,1,2,0,0,1,0,0,0,0,0,0,0,0,0,0,0,0,0,0,0
232,182,188,178,156,110,92,70,73,24,3,4,0,0,0,0,0,0,0,0,0,0,0,0,0,0,0,0,0,0
239,185,189,177,155,111,87,70,72,27,4,4,6,0,0,0,0,0,0,0,0,0,0,0,0,0,0,0,0,0
244,189,200,183,161,113,94,77,73,26,2,2,4,0,0,0,0,0,0,0,0,0,0,0,0,0,0,0,0,0
251,187,203,185,163,115,91,78,73,29,8,5,0,1,0,0,0,0,0,0,0,0,0,0,0,0,0,0,0,0
251,194,208,192,171,114,98,86,77,27,8,6,0,0,0,0,0,0,0,0,0,0,0,0,0,0,0,0,0,0
254,198,207,191,170,116,97,86,72,27,6,9,0,3,0,0,0,0,0,0,0,0,0,0,0,0,0,0,0,0
255,203,214,194,173,124,102,92,75,25,7,7,0,0,0,0,0,0,0,0,0,0,0,0,0,0,0,0,0,0
256,204,213,195,177,126,100,90,74,21,4,4,1,3,0,0,0,0,0,0,0,0,0,0,0,0,0,0,0,0
258,210,215,203,186,127,105,95,78,26,3,5,2,0,0,0,0,0,0,0,0,0,0,0,0,0,0,0,0,0
258,215,217,205,185,132,102,91,74,24,4,8,2,0,0,0,0,0,0,0,0,0,0,0,0,0,0,0,0,0
261,218,222,206,192,135,108,94,73,22,2,5,3,0,0,0,0,0,0,0,0,0,0,0,0,0,0,0,0,0
264,221,222,207,193,137,104,96,69,18,1,5,4,0,0,0,0,0,0,0,0,0,0,0,0,0,0,0,0,0
267,226,226,211,197,138,108,100,75,22,7,10,1,0,0,0,0,0,0,0,0,0,0,0,0,0,0,0,0,0
270,228,227,212,195,143,106,99,73,24,6,10,2,0,0,0,0,0,0,0,0,0,0,0,0,0,0,0,0,0
275,233,229,216,196,147,112,102,77,29,6,6,0,2,1,0,0,0,0,0,0,0,0,0,0,0,0,0,0,0
275,233,228,214,201,148,109,100,72,33,12,3,0,0,0,0,0,0,0,0,0,0,0,0,0,0,0,0,0,0
280,235,230,219,205,147,111,102,78,35,13,2,0,0,0,0,3,0,0,0,0,0,0,0,0,0,0,0,0,0
285,234,232,220,201,151,108,95,77,35,16,3,5,0,0,0,1,0,0,0,0,0,0,0,0,0,0,0,0,0
287,239,235,227,206,150,113,103,79,35,12,0,1,0,0,1,0,0,0,0,0,0,0,0,0,0,0,0,0,0
292,241,236,224,202,151,109,103,82,36,12,0,0,0,0,3,0,0,0,0,0,0,0,0,0,0,0,0,0,0
295,246,238,228,205,150,116,106,82,34,20,0,0,0,0,3,0,0,0,0,0,0,0,0,0,0,0,0,0,0
296,247,237,229,204,153,111,103,80,34,20,0,0,0,0,0,0,0,0,0,0,0,0,0,0,0,0,0,0,0
299,248,243,231,209,154,120,104,81,37,18,0,0,0,0,0,0,0,0,0,0,0,0,0,0,0,0,0,0,0
300,253,243,237,213,157,119,105,75,38,16,0,0,0,5,0,0,0,0,0,0,0,0,0,0,0,0,0,0,0
304,258,248,241,215,159,121,109,81,37,15,0,5,0,2,0,0,0,0,0,0,0,0,0,0,0,0,0,0,0
304,261,247,244,212,161,123,106,76,38,17,6,5,0,0,0,0,0,0,0,0,0,0,0,0,0,0,0,0,0
310,268,253,246,216,160,127,112,78,41,16,6,2,0,1,0,0,0,0,0,0,0,0,0,0,0,0,0,0,0
314,268,254,245,213,167,125,113,80,42,16,5,1,0,0,0,0,0,0,0,0,0,0,0,0,0,0,0,0,0
316,272,256,246,214,167,133,116,83,42,16,3,0,0,0,0,0,0,0,0,0,0,0,0,0,0,0,0,0,0
317,273,260,247,214,169,134,118,83,39,16,2,0,0,0,2,0,0,0,0,0,0,0,0,0,0,0,0,0,0
322,275,265,251,221,169,139,122,84,37,18,0,0,0,0,0,0,0,0,0,0,0,0,0,0,0,0,0,0,0
324,276,268,251,219,173,137,119,80,39,17,0,0,0,0,0,0,0,0,0,0,0,0,0,0,0,0,0,0,0
327,278,274,254,224,175,144,123,86,42,17,0,0,0,0,0,0,0,0,0,0,0,0,0,0,0,0,0,0,0
327,282,278,254,220,177,145,123,88,40,22,4,0,0,0,0,0,0,0,0,0,0,0,0,0,0,0,0,0,0
330,285,284,256,223,174,149,129,88,43,20,4,0,0,0,0,0,0,0,0,0,0,0,0,0,0,0,0,0,0
335,286,283,255,219,181,147,124,84,40,21,0,0,3,0,0,0,0,0,0,0,0,0,0,0,0,0,0,0,0
341,293,288,259,222,183,152,129,88,38,19,3,0,0,0,0,0,0,0,0,0,0,0,0,0,0,0,0,0,0
345,296,286,262,223,184,148,124,84,36,16,3,0,0,7,0,0,0,0,0,0,0,0,0,0,0,0,0,0,0
348,301,288,273,227,182,156,126,85,33,14,3,0,0,2,2,0,0,0,0,0,0,0,0,0,0,0,0,0,0
348,304,287,270,228,183,152,122,80,30,19,4,0,0,5,0,0,0,0,0,0,0,0,0,0,0,0,0,0,0
353,304,290,274,235,182,157,127,86,33,20,1,0,0,1,0,0,0,0,0,0,0,0,0,0,0,0,0,0,0
360,304,289,273,235,183,156,126,85,31,19,0,0,0,2,0,0,0,0,0,0,0,0,0,0,0,0,0,0,0
362,307,292,276,240,181,162,127,89,36,19,5,0,0,0,0,0,0,0,0,0,0,0,0,0,0,0,0,0,0
366,306,292,278,241,183,158,124,84,33,19,5,1,0,0,0,0,0,0,0,0,0,0,0,0,0,0,0,0,0
370,309,296,282,246,186,164,126,85,30,21,10,4,0,0,0,0,0,0,0,0,0,0,0,0,0,0,0,0,0
374,310,297,281,247,187,163,121,87,34,17,8,4,0,0,0,0,0,0,0,0,0,0,0,0,0,0,0,0,0
380,313,301,282,253,189,173,127,93,34,17,6,5,0,0,0,0,0,0,0,0,0,0,0,0,0,0,0,0,0
383,317,301,284,252,195,171,122,90,35,16,7,4,0,0,0,0,0,0,0,0,0,0,0,0,0,0,0,0,0
388,321,307,290,258,194,173,123,92,33,12,9,0,0,0,1,0,0,0,0,0,0,0,0,0,0,0,0,0,0
390,326,308,291,257,200,175,117,90,36,16,9,0,0,0,0,0,0,0,0,0,0,0,0,0,0,0,0,0,0
393,328,311,297,259,198,180,120,90,38,13,12,3,0,0,0,0,0,0,0,0,0,0,0,0,0,0,0,0,0
393,328,312,296,257,201,177,115,90,39,10,8,3,0,0,0,0,0,0,0,0,0,0,0,0,0,0,0,0,0
399,330,314,297,266,202,181,119,92,43,11,12,0,0,0,0,0,0,0,0,0,0,0,0,0,0,0,0,0,0
402,330,315,297,267,207,179,115,93,44,10,13,0,0,0,0,0,0,0,0,0,0,0,0,0,0,0,0,0,0
404,331,318,305,269,206,181,119,94,43,9,15,0,0,0,0,0,0,0,0,0,0,0,0,0,0,0,0,0,0
407,333,319,306,270,211,179,115,94,41,10,15,1,0,0,0,0,0,0,0,0,0,0,0,0,0,0,0,0,0
413,339,319,310,273,215,182,120,96,45,7,16,0,0,1,0,0,0,0,0,0,0,0,0,0,0,0,0,0,0
415,344,320,310,270,217,178,115,97,47,9,15,0,1,0,0,0,0,0,0,0,0,0,0,0,0,0,0,0,0
419,349,327,311,276,214,186,122,97,45,9,15,0,3,0,0,0,0,0,0,0,0,0,0,0,0,0,0,0,0
422,349,330,312,275,217,182,119,97,48,8,19,0,0,0,0,0,0,0,0,0,0,0,0,0,0,0,0,0,0
423,353,333,313,277,219,185,123,100,49,12,17,0,0,0,0,0,0,0,0,0,0,0,0,0,0,0,0,0,0
427,355,331,314,278,220,184,121,99,53,13,14,0,0,0,0,0,0,0,0,0,0,0,0,0,0,0,0,0,0
430,357,336,318,280,223,193,127,102,54,15,16,0,0,0,0,0,0,0,0,0,0,0,0,0,0,0,0,0,0
430,364,334,320,275,225,190,125,102,52,16,14,0,0,0,0,0,0,0,0,0,0,0,0,0,0,0,0,0,0
432,371,337,323,277,227,194,128,105,55,14,12,2,0,0,0,0,0,0,0,0,0,0,0,0,0,0,0,0,0
432,372,336,323,275,228,189,126,103,57,12,10,3,0,0,0,0,0,0,0,0,0,0,0,0,0,0,0,0,0
435,377,338,328,279,228,197,130,109,57,15,13,2,0,0,0,0,0,1,0,0,0,0,0,0,0,0,0,0,0
437,378,339,326,281,230,194,126,104,57,14,13,1,0,0,0,0,0,0,0,0,0,0,0,0,0,0,0,0,0
440,380,344,330,289,233,199,129,110,57,12,12,0,7,0,0,0,0,0,0,0,0,0,0,0,0,0,0,0,0
444,381,345,333,291,232,198,129,106,61,12,9,0,6,0,0,0,0,0,0,0,0,0,0,0,0,0,0,0,0
448,382,349,336,300,233,204,131,108,64,11,12,0,8,0,0,0,0,0,0,0,0,0,0,0,0,0,0,0,0
449,386,346,340,297,235,199,129,106,65,9,11,0,6,0,0,0,0,0,0,0,0,0,0,0,0,0,0,0,0
452,387,352,344,301,236,210,130,111,63,8,12,0,11,0,0,0,0,0,0,0,0,0,0,0,0,0,0,0,0
453,392,351,343,303,241,207,127,109,61,10,9,0,11,0,0,0,0,0,0,0,0,0,0,0,0,0,0,0,0
459,393,355,348,306,238,209,129,113,59,7,14,0,12,0,0,1,0,0,0,0,0,0,0,0,0,0,0,0,0
463,396,355,351,305,243,205,129,107,60,6,11,0,8,0,0,0,0,0,0,0,0,0,0,0,0,0,0,0,0
464,398,362,354,309,244,209,130,110,59,7,8,0,12,0,0,0,0,0,0,0,0,0,0,0,0,0,0,0,0
468,400,363,354,306,249,206,126,107,57,5,4,0,5,0,0,0,0,0,0,0,0,0,0,0,0,0,0,0,0
471,403,366,359,310,251,208,130,111,57,7,1,0,3,0,1,0,0,0,0,0,0,0,0,0,0,0,0,0,0
472,403,369,359,305,251,205,132,109,57,8,0,0,0,0,0,0,0,0,0,0,0,0,0,0,0,0,0,0,0
475,407,370,363,309,250,208,134,111,56,5,3,0,2,0,0,0,0,0,0,0,0,0,0,0,0,0,0,0,0
476,409,372,361,304,252,205,129,109,57,8,0,0,0,0,0,0,0,0,0,0,0,0,0,0,0,0,0,0,0
478,414,377,365,308,251,205,132,112,55,12,0,0,0,0,0,1,0,0,0,0,0,0,0,0,0,0,0,0,0
479,416,378,362,306,255,201,128,109,61,11,0,0,0,0,0,0,0,0,0,0,0,0,0,0,0,0,0,0,0
481,420,384,366,309,254,204,133,112,64,11,0,0,0,0,0,0,0,0,0,0,0,0,0,0,0,0,0,0,0
487,420,384,366,306,253,203,130,109,65,9,0,5,0,0,0,0,0,0,0,0,0,0,0,0,0,0,0,0,0
490,422,386,368,312,252,207,135,113,65,8,0,2,1,0,0,0,0,0,0,0,0,0,0,0,0,0,0,0,0
490,421,387,366,308,255,206,132,109,65,6,1,0,0,0,0,0,0,0,0,0,0,0,0,0,0,0,0,0,0
493,426,390,372,312,255,207,135,115,64,3,0,0,0,1,0,0,0,0,0,0,0,0,0,0,0,0,0,0,0
495,427,388,375,308,255,203,130,113,63,8,0,0,0,0,0,0,0,0,0,0,0,0,0,0,0,0,0,0,0
498,430,391,377,312,254,210,132,118,61,7,0,0,0,0,0,0,0,0,0,0,0,0,0,0,0,0,0,0,0
500,431,391,376,311,258,207,128,116,57,6,0,0,0,0,0,0,0,0,0,0,0,0,0,0,0,0,0,0,0
502,434,394,377,315,258,209,133,124,57,6,0,0,0,0,0,0,0,0,0,0,0,0,0,0,0,0,0,0,0
504,434,392,379,312,265,207,131,122,56,10,0,0,1,0,0,0,0,0,0,0,0,0,0,0,0,0,0,0,0
506,435,393,382,314,265,211,136,123,53,8,0,0,0,0,0,0,0,0,0,0,0,0,0,0,0,0,0,0,0
510,436,393,381,319,273,207,136,122,54,5,0,0,0,0,0,0,0,0,0,0,0,0,0,0,0,0,0,0,0
516,444,394,384,325,276,211,139,124,57,10,0,0,0,0,5,0,0,0,0,0,0,0,0,0,0,0,0,0,0
520,447,393,382,328,280,212,141,120,59,14,0,1,0,0,7,0,0,0,0,0,0,0,0,0,0,0,0,0,0
522,447,397,385,330,286,219,145,126,66,15,0,5,0,0,6,0,0,0,0,0,0,0,0,0,0,0,0,0,0
524,445,398,385,329,290,221,141,121,68,15,0,1,0,0,4,0,0,0,0,0,0,0,0,0,0,0,0,0,0
525,449,401,389,331,288,224,143,126,69,15,0,0,0,0,4,0,0,0,0,0,0,0,0,0,0,0,0,0,0
525,449,400,390,329,287,221,140,127,69,13,0,2,3,0,0,0,0,0,0,0,0,0,0,0,0,0,0,0,0
525,456,401,394,332,287,225,145,128,69,12,1,0,2,0,2,0,0,0,0,0,0,0,0,0,0,0,0,0,0
526,458,404,391,333,290,225,143,131,69,14,3,0,2,0,0,0,0,1,0,0,0,0,0,0,0,0,0,0,0
526,461,407,395,336,291,228,142,135,67,13,0,1,1,0,0,0,0,0,0,0,0,0,0,0,0,0,0,0,0
531,463,406,392,335,292,223,138,133,67,13,4,0,0,0,0,0,0,0,0,0,0,0,0,0,0,0,0,0,0
531,465,409,394,343,293,229,139,137,68,9,2,1,0,0,0,0,0,0,0,0,0,0,0,0,0,0,0,0,0
532,472,408,395,344,293,227,135,135,68,8,0,0,0,0,0,0,0,0,0,0,0,0,0,0,0,0,0,0,0
537,478,414,398,345,292,234,143,138,66,6,2,0,0,0,0,0,0,0,0,0,0,0,0,0,0,0,0,0,0
539,478,413,398,349,291,232,142,139,64,7,2,0,0,0,0,0,0,0,0,0,0,0,0,0,0,0,0,0,0
542,482,415,402,352,292,234,144,141,66,6,0,0,0,0,0,0,0,0,0,0,0,0,0,0,0,0,0,0,0
543,482,417,398,350,295,231,150,145,69,11,0,1,0,0,0,0,0,0,0,0,0,0,0,0,0,0,0,0,0
545,484,423,400,352,296,235,153,154,73,9,0,4,1,0,0,0,0,0,0,0,0,0,0,0,0,0,0,0,0
545,484,424,402,356,303,231,151,151,75,8,2,0,4,0,0,0,0,0,0,0,0,0,0,0,0,0,0,0,0
545,487,426,407,359,303,234,155,152,74,5,0,0,0,0,0,0,0,0,0,0,0,0,0,0,0,0,0,0,0
545,485,427,406,358,304,231,152,153,74,4,1,0,0,0,0,0,0,0,0,0,0,0,0,0,0,0,0,0,0
547,487,431,408,360,304,240,153,154,72,1,5,0,1,0,0,0,0,0,0,0,0,0,0,0,0,0,0,0,0
546,485,429,406,359,303,236,157,149,76,4,6,0,0,0,4,0,0,0,0,0,0,0,0,0,0,0,0,0,0
547,488,433,408,360,309,239,156,157,73,6,9,0,3,0,2,0,0,0,0,0,0,0,0,0,0,0,0,0,0
547,488,433,410,357,311,237,159,154,76,7,11,0,1,2,4,0,0,0,0,0,0,0,0,0,0,0,0,0,0
549,491,435,412,366,309,240,162,155,74,6,11,0,3,0,3,0,0,0,0,0,0,0,0,0,0,0,0,0,0
552,490,435,409,363,312,234,156,153,75,6,6,0,0,0,0,0,0,0,0,0,0,0,0,0,0,0,0,0,0
553,492,440,412,364,315,238,160,154,77,3,7,0,0,0,0,0,0,0,0,0,0,0,0,0,0,0,0,0,0
555,492,440,410,367,315,237,157,155,77,2,5,0,0,0,0,0,0,0,0,0,0,0,0,0,0,0,0,0,0
559,493,441,413,368,314,239,158,156,78,2,7,0,0,0,0,0,0,0,0,0,0,0,0,0,0,0,0,0,0
559,492,444,413,365,317,236,159,155,76,0,8,0,0,0,0,0,0,0,0,0,0,0,0,0,0,0,0,0,0
560,498,446,416,369,317,239,166,160,75,0,6,1,0,0,0,1,0,0,0,0,0,0,0,0,0,0,0,0,0
562,497,444,414,370,316,236,164,162,74,4,3,0,0,0,0,0,0,0,0,0,0,0,0,0,0,0,0,0,0
564,502,449,417,374,318,238,166,166,71,1,0,0,0,0,0,0,0,0,0,0,0,0,0,0,0,0,0,0,0
566,502,449,417,374,320,236,163,162,70,1,0,0,0,0,0,0,0,0,0,0,0,0,0,0,0,0,0,0,0
568,505,452,419,378,320,238,168,166,73,4,0,0,1,0,0,0,0,0,0,0,0,0,0,0,0,0,0,0,0
569,507,449,416,376,321,235,170,161,72,1,1,0,0,0,0,0,0,0,0,0,0,0,0,0,0,0,0,0,0
571,510,451,417,378,321,238,172,164,76,5,0,0,0,0,0,0,0,0,0,0,0,0,0,0,0,0,0,0,0
574,512,449,416,376,322,237,170,160,74,2,0,5,0,0,0,0,0,0,0,0,0,0,0,0,0,0,0,0,0
575,515,451,421,381,322,243,172,162,73,5,0,7,0,0,0,0,0,0,0,0,0,0,0,0,0,0,0,0,0
577,516,450,421,378,324,237,176,162,75,1,2,8,0,1,1,0,0,0,0,0,0,0,0,0,0,0,0,0,0
578,518,454,424,380,323,239,181,163,70,6,1,6,0,2,0,0,2,0,0,0,0,0,0,0,0,0,0,0,0
577,521,451,426,378,325,234,180,160,68,6,2,4,0,0,0,0,0,1,0,0,0,0,0,0,0,0,0,0,0
582,528,455,432,379,324,236,183,160,69,8,2,2,0,0,0,0,0,0,0,0,0,0,0,0,0,0,0,0,0
583,527,457,430,375,323,238,184,153,70,5,0,0,0,0,0,0,0,0,0,0,0,0,0,0,0,0,0,0,0
587,531,462,432,377,324,244,187,158,69,9,0,0,0,0,1,0,0,0,0,0,0,0,0,0,0,0,0,0,0
589,530,462,431,377,327,240,183,154,67,9,0,0,0,0,0,0,0,0,0,0,0,0,0,0,0,0,0,0,0
590,532,466,435,379,327,246,186,160,67,8,0,0,0,0,0,0,0,0,0,0,0,0,0,0,0,0,0,0,0
590,534,465,437,377,327,245,183,156,68,7,0,0,0,0,0,0,0,0,0,0,0,0,0,0,0,0,0,0,0
593,537,471,441,379,324,248,190,161,69,7,0,0,0,0,0,0,0,0,0,0,0,0,0,0,0,0,0,0,0
592,538,469,441,378,326,244,193,158,68,6,5,0,0,0,0,0,0,0,0,0,0,0,0,0,0,0,0,0,0
596,541,474,443,382,324,248,196,159,70,6,0,0,0,0,1,0,0,0,0,0,0,0,0,0,0,0,0,0,0
597,539,474,442,378,325,248,194,160,67,4,3,0,0,0,0,0,0,0,0,0,0,0,0,0,0,0,0,0,0
598,541,479,444,382,324,249,198,162,65,4,1,0,1,0,0,0,0,0,0,0,0,0,0,0,0,0,0,0,0
599,543,480,443,378,327,246,193,160,64,0,4,0,0,0,0,0,0,0,0,0,0,0,0,0,0,0,0,0,0
604,546,486,447,380,327,257,195,161,68,2,3,1,0,0,0,0,0,0,0,0,0,0,0,0,0,0,0,0,0
605,552,485,447,379,327,254,189,158,67,2,4,1,0,0,0,0,0,0,0,0,0,0,0,0,0,0,0,0,0
607,552,489,453,386,330,257,192,158,67,7,2,0,0,0,0,0,0,0,0,0,0,0,0,0,0,0,0,0,0
608,554,490,451,386,329,259,190,155,69,8,6,0,0,0,0,0,0,0,0,0,0,0,0,0,0,0,0,0,0
610,557,491,453,390,327,264,198,157,69,8,2,0,0,0,2,0,0,0,0,0,0,0,0,0,0,0,0,0,0
610,556,489,453,388,327,261,194,155,66,7,2,0,4,0,0,0,0,0,0,0,0,0,0,0,0,0,0,0,0
612,558,491,454,395,330,263,202,159,65,11,1,0,0,0,0,0,0,0,0,0,0,0,0,0,0,0,0,0,0
615,556,488,455,397,332,260,196,157,69,8,3,0,0,0,0,0,0,0,0,0,0,0,0,0,0,0,0,0,0
616,559,491,459,403,330,265,202,158,75,7,5,0,0,0,0,2,0,0,0,0,0,0,0,0,0,0,0,0,0
618,558,491,458,400,334,261,197,156,74,3,5,0,0,0,0,0,0,0,0,0,0,0,0,0,0,0,0,0,0
622,558,495,461,402,334,267,204,160,72,5,3,0,0,0,0,0,0,0,0,0,0,0,0,0,0,0,0,0,0
625,556,496,461,400,335,262,201,154,73,3,2,0,0,0,0,0,0,0,0,0,0,0,0,0,0,0,0,0,0
626,559,501,461,404,335,266,204,157,74,2,3,0,0,0,0,0,0,0,0,0,0,0,0,0,0,0,0,0,0
627,560,502,462,402,336,263,204,152,80,0,1,2,0,0,0,0,0,0,0,0,0,0,0,0,0,0,0,0,0
628,562,504,465,404,335,269,207,157,80,0,1,0,0,0,0,1,0,0,0,0,0,0,0,0,0,0,0,0,0
628,562,504,464,405,337,264,203,157,81,0,1,2,0,0,0,0,0,0,0,0,0,0,0,0,0,0,0,0,0
631,563,508,468,409,337,274,208,159,83,0,0,0,0,0,0,0,0,0,0,0,0,0,0,0,0,0,0,0,0
631,566,508,471,405,340,269,208,154,82,0,0,0,0,0,0,0,0,0,0,0,0,0,0,0,0,0,0,0,0
632,567,510,474,410,340,272,210,158,78,0,0,0,0,0,0,0,0,0,0,0,0,0,0,0,0,0,0,0,0
632,567,508,474,407,341,268,206,155,75,0,0,1,0,0,0,0,0,0,0,0,0,0,0,0,0,0,0,0,0
634,568,513,477,410,339,272,208,158,76,0,0,0,0,0,0,3,0,0,0,0,0,0,0,0,0,0,0,0,0
636,567,513,478,408,342,269,205,154,76,0,0,0,0,0,0,0,0,0,0,0,0,0,0,0,0,0,0,0,0
637,571,515,480,410,341,274,209,159,76,5,2,0,0,0,0,0,0,0,0,0,0,0,0,0,0,0,0,0,0
637,572,516,480,408,344,269,207,154,72,5,3,0,0,0,0,0,0,0,0,0,0,0,0,0,0,0,0,0,0
639,572,517,485,408,345,273,213,155,75,4,1,0,0,0,0,0,0,0,0,0,0,0,0,0,0,0,0,0,0
639,574,516,483,407,346,270,212,151,80,3,0,0,0,0,0,0,0,0,0,0,0,0,0,0,0,0,0,0,0
642,575,519,488,412,345,275,212,155,78,3,0,0,0,0,0,0,0,0,0,0,0,0,0,0,0,0,0,0,0
643,573,518,488,410,348,276,210,149,78,2,0,0,0,0,0,0,0,0,0,0,0,0,0,0,0,0,0,0,0
645,576,520,492,413,347,280,215,152,78,7,0,0,0,0,0,0,0,0,0,0,0,0,0,0,0,0,0,0,0
646,579,520,490,411,349,276,210,150,77,7,0,0,0,0,0,0,0,0,0,0,0,0,0,0,0,0,0,0,0
648,581,524,494,417,349,281,213,152,76,8,0,2,0,0,0,0,0,0,0,0,0,0,0,0,0,0,0,0,0
648,580,521,493,420,355,275,211,148,78,7,1,0,0,0,0,0,0,0,0,0,0,0,0,0,0,0,0,0,0
651,581,523,494,423,352,280,212,150,80,13,0,0,0,0,0,0,0,0,0,0,0,0,0,0,0,0,0,0,0
652,583,523,490,421,353,278,214,147,85,9,1,0,0,0,0,0,0,0,0,0,0,0,0,0,0,0,0,0,0
655,584,527,493,423,354,283,217,146,89,13,1,0,0,0,0,0,0,0,0,0,0,0,0,0,0,0,0,0,0
655,585,527,493,422,356,279,217,145,90,11,1,2,0,0,1,0,0,0,0,0,0,0,0,0,0,0,0,0,0
655,587,530,495,425,357,283,219,144,91,15,2,0,3,0,0,0,0,0,0,0,0,0,0,0,0,0,0,0,0
655,585,528,493,424,358,279,215,142,89,10,4,0,0,0,1,0,0,0,0,0,0,0,0,0,0,0,0,0,0
655,590,530,497,425,362,284,218,149,88,11,1,0,0,0,1,0,0,0,0,0,0,0,0,0,0,0,0,0,0
656,590,533,497,422,364,281,214,147,85,14,4,1,0,0,0,0,0,0,0,0,0,0,0,0,0,0,0,0,0
658,591,538,500,423,362,283,219,150,85,14,0,0,0,0,0,0,0,0,0,0,0,0,0,0,0,0,0,0,0
659,590,541,496,420,362,283,221,147,82,9,0,0,0,0,0,0,0,0,0,0,0,0,0,0,0,0,0,0,0
662,593,544,499,424,363,285,227,148,79,14,0,0,0,0,0,0,0,0,0,0,0,0,0,0,0,0,0,0,0
663,594,542,496,427,365,284,222,143,81,13,0,0,0,0,0,0,0,0,0,0,0,0,0,0,0,0,0,0,0
665,594,544,500,431,365,292,222,147,82,15,0,0,0,0,0,0,0,0,0,0,0,0,0,0,0,0,0,0,0
665,593,543,497,428,365,290,218,146,81,14,0,0,0,0,0,0,0,0,0,0,0,0,0,0,0,0,0,0,0
667,595,546,501,428,364,294,218,147,83,15,0,0,0,0,0,0,0,0,0,0,0,0,0,0,0,0,0,0,0
667,595,547,500,426,364,297,213,144,82,14,0,0,7,0,0,0,0,0,0,0,0,0,0,0,0,0,0,0,0
671,596,550,500,432,366,299,215,148,82,20,0,0,3,0,0,0,0,0,0,0,0,0,0,0,0,0,0,0,0
672,595,547,503,430,370,297,217,143,80,17,0,4,0,0,0,1,0,0,0,0,0,0,0,0,0,0,0,0,0
674,596,550,506,433,370,304,220,142,81,17,0,2,0,0,0,0,0,0,0,0,0,0,0,0,0,0,0,0,0
675,597,548,504,431,374,302,216,142,82,16,0,2,0,0,0,0,0,0,0,0,0,0,0,0,0,0,0,0,0
678,599,553,505,432,372,302,216,146,80,16,0,0,1,0,0,0,0,0,0,0,0,0,0,0,0,0,0,0,0
681,599,552,502,428,377,305,215,143,80,19,1,0,0,0,0,0,0,0,0,0,0,0,0,0,0,0,0,0,0
682,603,554,507,432,375,306,219,147,80,18,0,0,0,0,0,0,0,0,0,0,0,0,0,0,0,0,0,0,0
681,605,558,507,431,376,303,215,142,82,17,0,0,0,1,0,0,0,0,0,0,0,0,0,0,0,0,0,0,0
682,606,560,508,435,374,307,221,144,79,15,0,0,0,0,0,0,0,0,0,0,0,0,0,0,0,0,0,0,0
682,606,558,507,434,373,305,217,140,77,14,0,0,1,0,3,0,0,0,0,0,0,0,0,0,0,0,0,0,0
683,610,559,508,441,374,310,220,140,73,18,0,0,0,0,0,0,0,0,0,0,0,0,0,0,0,0,0,0,0
685,609,559,507,437,376,307,219,139,77,14,3,0,0,0,0,0,0,0,0,0,0,0,0,0,0,0,0,0,0
689,611,562,510,441,375,310,224,142,77,14,4,0,0,0,0,0,0,0,0,0,0,0,0,0,0,0,0,0,0
690,614,563,510,441,376,307,221,137,76,14,1,0,0,0,0,0,0,0,0,0,0,0,0,0,0,0,0,0,0
695,616,565,512,443,375,312,221,140,77,17,0,2,0,0,0,0,0,0,0,0,0,0,0,0,0,0,0,0,0
695,616,564,509,440,377,309,218,141,77,15,1,1,0,0,2,0,0,0,0,0,0,0,0,0,0,0,0,0,0
696,616,567,510,441,382,311,224,143,81,15,1,4,0,0,0,0,0,0,0,0,0,0,0,0,0,0,0,0,0
695,616,566,510,441,384,305,221,137,84,16,1,7,2,0,0,0,0,0,0,0,0,0,0,0,0,0,0,0,0
696,620,569,513,446,381,308,225,140,84,16,3,11,5,0,0,0,0,0,0,0,0,0,0,0,0,0,0,0,0
695,620,571,510,441,383,305,222,136,82,16,2,7,6,0,0,0,0,1,0,0,0,0,0,0,0,0,0,0,0
696,622,575,511,442,385,313,225,139,80,17,0,8,3,0,0,0,0,1,0,0,0,0,0,0,0,0,0,0,0
695,620,573,510,439,386,312,225,135,76,19,0,8,1,0,3,0,1,0,0,0,0,0,0,0,0,0,0,0,0
696,623,575,512,442,385,319,228,138,77,20,0,9,2,0,0,0,2,0,0,0,0,0,0,0,0,0,0,0,0
695,623,575,510,440,387,315,224,134,77,16,0,7,0,0,0,0,0,2,0,0,0,0,0,0,0,0,0,0,0
698,628,577,511,445,387,322,227,134,75,16,0,9,5,0,0,0,1,0,0,0,0,0,0,0,0,0,0,0,0
697,629,577,509,445,390,319,221,129,77,14,0,10,3,0,0,0,0,0,0,0,0,0,0,0,0,0,0,0,0
699,630,581,514,449,388,323,221,133,76,12,0,11,3,0,0,0,0,0,0,0,0,0,0,0,0,0,0,0,0
700,629,583,513,446,389,319,218,130,78,10,1,8,2,2,0,0,0,0,0,0,0,0,0,0,0,0,0,0,0
701,630,584,514,451,387,321,220,129,80,11,4,8,0,0,0,0,0,0,0,0,0,0,0,0,0,0,0,0,0
700,634,583,513,447,386,318,217,132,80,10,6,7,0,1,0,0,0,0,0,0,0,0,0,0,0,0,0,0,0
701,635,585,516,448,390,325,220,134,79,13,3,8,0,1,0,0,0,0,0,0,0,0,0,0,0,0,0,0,0
703,636,583,517,446,388,323,217,133,82,8,0,3,0,0,0,0,0,0,0,0,0,0,0,0,0,0,0,0,0
704,640,588,519,451,389,328,220,135,84,11,1,0,0,0,0,0,0,0,0,0,0,0,0,0,0,0,0,0,0
703,640,586,515,449,391,322,215,134,83,7,3,0,0,0,0,0,0,0,0,0,0,0,0,0,0,0,0,0,0
705,641,587,517,453,390,326,218,138,84,13,0,0,0,0,0,0,0,0,0,0,0,0,0,0,0,0,0,0,0
704,640,587,513,450,393,321,216,135,83,11,0,0,1,0,0,0,1,0,0,0,0,0,0,0,0,0,0,0,0
706,642,591,515,452,391,325,219,138,85,12,0,0,1,0,0,0,0,0,0,0,0,0,0,0,0,0,0,0,0
707,640,590,514,449,394,323,218,138,89,9,0,1,0,0,0,0,0,0,0,0,0,0,0,0,0,0,0,0,0
708,640,590,517,453,395,324,224,140,90,8,0,2,0,0,0,0,0,0,0,0,0,0,0,0,0,0,0,0,0
709,641,589,515,455,394,321,220,135,92,6,3,2,0,0,0,0,0,0,0,0,0,0,0,0,0,0,0,0,0
715,645,590,520,457,390,326,226,136,91,5,5,3,1,0,0,0,0,0,0,0,0,0,0,0,0,0,0,0,0
717,649,589,518,456,391,321,225,133,90,2,2,6,0,0,0,0,0,0,0,0,0,0,0,0,0,0,0,0,0
721,650,589,520,458,390,326,234,136,90,3,0,6,0,3,0,0,0,0,0,0,0,0,0,0,0,0,0,0,0
720,649,588,521,455,391,321,231,136,89,6,0,6,0,0,0,0,0,0,0,0,0,0,0,0,0,0,0,0,0
721,651,589,526,462,392,323,232,140,89,11,0,5,0,2,0,0,0,0,0,0,0,0,0,0,0,0,0,0,0
721,652,588,526,458,393,320,235,140,91,11,0,6,0,1,0,0,0,0,0,0,0,0,0,0,0,0,0,0,0
723,654,590,528,459,391,324,242,143,89,11,0,5,0,0,0,0,0,0,0,0,0,0,0,0,0,0,0,0,0
723,654,590,524,456,392,321,236,140,86,9,0,2,0,1,0,0,0,0,0,0,0,0,0,0,0,0,0,0,0
724,654,594,528,459,393,323,240,145,90,9,2,3,0,0,0,0,0,0,0,0,0,0,0,0,0,0,0,0,0
725,653,591,531,455,396,323,239,141,88,3,2,5,0,0,0,0,0,0,0,0,0,0,0,0,0,0,0,0,0
726,655,593,533,457,394,325,245,141,86,5,1,7,0,0,0,0,0,0,1,0,0,0,0,0,0,0,0,0,0
729,654,593,530,454,394,322,241,139,86,9,4,9,0,0,0,0,0,0,0,0,0,0,0,0,0,0,0,0,0
729,656,593,530,457,394,327,244,140,86,15,1,9,0,0,0,0,0,0,0,0,0,0,0,0,0,0,0,0,0
732,654,591,529,454,394,323,237,137,83,16,4,4,0,0,0,0,0,0,0,0,0,0,0,0,0,0,0,0,0
733,656,591,532,454,394,332,241,139,81,17,5,0,0,0,0,0,0,0,0,0,0,0,0,0,0,0,0,0,0
734,658,590,529,452,396,330,238,136,81,15,2,2,0,0,0,1,0,0,0,0,0,0,0,0,0,0,0,0,0
736,661,592,531,455,397,337,245,136,79,25,2,0,0,0,0,4,0,0,0,0,0,0,0,0,0,0,0,0,0
736,663,594,528,455,398,335,239,135,84,21,2,0,0,0,0,0,0,0,0,0,0,0,0,0,0,0,0,0,0
737,664,597,530,459,397,339,240,135,88,21,1,0,3,0,0,0,0,0,0,0,0,0,0,0,0,0,0,0,0
739,664,597,527,459,398,335,238,136,85,21,0,0,3,0,0,0,0,0,0,0,0,0,0,0,0,0,0,0,0
740,665,598,531,460,397,338,245,134,87,20,0,0,0,0,0,0,0,0,0,0,0,0,0,0,0,0,0,0,0
742,665,596,529,458,401,335,240,130,93,20,0,0,0,0,0,0,0,0,0,0,0,0,0,0,0,0,0,0,0
744,665,597,533,459,402,338,243,131,92,27,0,0,2,0,0,0,0,0,0,0,0,0,0,0,0,0,0,0,0
744,664,594,536,455,405,337,239,130,96,24,0,0,1,0,0,0,0,0,0,0,0,0,0,0,0,0,0,0,0
744,666,598,537,456,404,345,243,134,95,24,6,0,0,0,0,0,0,0,0,0,0,0,0,0,0,0,0,0,0
743,665,596,535,456,403,339,242,129,96,24,6,0,0,0,0,0,0,0,0,0,0,0,0,0,0,0,0,0,0
743,666,597,538,459,401,343,242,130,95,27,1,0,0,0,0,0,0,0,0,0,0,0,0,0,0,0,0,0,0
742,667,598,537,459,401,341,240,127,99,23,4,0,0,0,0,0,0,0,0,0,0,0,0,0,0,0,0,0,0
744,670,601,543,461,401,344,244,132,101,28,2,6,0,0,0,0,0,0,0,0,0,0,0,0,0,0,0,0,0
743,670,605,544,460,407,343,243,136,103,25,2,4,0,0,1,0,0,0,0,0,0,0,0,0,0,0,0,0,0
746,671,606,548,462,406,347,245,135,98,29,0,7,0,0,1,0,0,0,0,0,0,0,0,0,0,0,0,0,0
748,674,606,549,462,408,347,241,133,102,29,1,6,0,4,0,0,0,0,0,0,0,0,0,0,0,0,0,0,0
748,675,606,552,464,408,350,247,136,102,29,0,4,0,4,0,4,0,0,0,0,0,0,0,0,0,0,0,0,0
748,673,607,549,461,413,348,242,135,101,26,0,2,1,4,0,6,0,0,0,0,0,0,0,0,0,0,0,0,0
750,674,613,550,464,412,351,245,135,100,25,1,3,1,0,0,6,0,0,0,0,0,0,0,0,0,0,0,0,0
750,672,613,549,461,412,350,240,136,102,25,4,3,0,0,0,3,0,0,0,0,0,0,0,0,0,0,0,0,0
752,676,613,550,465,410,361,241,141,103,27,5,7,0,0,0,0,0,0,0,0,0,0,0,0,0,0,0,0,0
751,676,612,548,463,409,355,238,138,104,24,3,5,0,0,0,0,0,0,0,0,0,0,0,0,0,0,0,0,0
752,682,612,551,467,411,357,243,140,103,24,0,4,0,0,0,0,0,0,0,0,0,0,0,0,0,0,0,0,0
753,682,611,549,466,413,353,239,135,105,22,0,0,0,0,0,0,0,0,0,0,0,0,0,0,0,0,0,0,0
755,685,611,552,470,413,358,246,136,103,24,2,0,0,0,0,0,0,0,0,0,0,0,0,0,0,0,0,0,0
754,686,610,550,466,414,357,243,137,103,24,2,0,0,0,0,0,0,0,0,0,0,0,0,0,0,0,0,0,0
757,687,611,552,470,412,360,245,139,106,29,0,0,0,0,0,0,0,0,0,0,0,0,0,0,0,0,0,0,0
759,687,610,551,468,411,357,240,137,107,28,0,6,0,0,0,0,0,0,0,0,0,0,0,0,0,0,0,0,0
759,688,613,555,471,411,365,242,141,105,24,0,2,0,0,0,0,0,0,0,0,0,0,0,0,0,0,0,0,0
759,687,611,553,466,410,362,239,137,102,21,0,1,0,2,0,0,0,0,0,0,0,0,0,0,0,0,0,0,0
760,689,613,554,468,407,366,240,144,102,27,0,0,0,0,0,0,0,0,0,0,0,0,0,0,0,0,0,0,0
762,690,611,553,463,409,362,239,144,100,26,3,0,0,0,0,0,0,0,0,0,0,0,0,0,0,0,0,0,0
763,690,614,556,469,411,367,243,147,99,29,1,0,1,0,0,0,0,0,0,0,0,0,0,0,0,0,0,0,0
764,690,611,555,466,410,366,241,142,98,28,4,0,1,0,0,0,0,0,0,0,0,0,0,0,0,0,0,0,0
765,693,616,558,471,406,368,242,146,98,26,4,0,0,0,0,0,0,0,0,0,0,0,0,0,0,0,0,0,0
766,692,616,555,472,408,365,239,143,95,22,3,0,0,2,0,0,0,0,0,0,0,0,0,0,0,0,0,0,0
769,693,618,555,476,405,366,239,147,95,29,3,0,0,4,0,2,0,0,0,0,0,0,0,0,0,0,0,0,0
768,693,617,553,473,404,364,235,143,99,25,5,0,0,1,0,0,0,0,0,0,0,0,0,0,0,0,0,0,0
768,694,621,555,475,404,365,238,145,96,27,1,0,0,0,0,0,0,0,0,0,0,0,0,0,0,0,0,0,0
769,694,620,552,474,406,361,234,140,94,24,0,0,0,0,1,0,0,0,0,0,0,0,0,0,0,0,0,0,0
772,696,622,556,477,403,366,241,142,94,27,0,0,0,0,2,0,0,0,0,0,0,0,0,0,0,0,0,0,0
773,696,620,553,473,405,359,235,140,96,24,1,0,0,0,0,0,0,0,0,0,0,0,0,0,0,0,0,0,0
773,698,620,555,475,403,362,239,142,95,25,1,0,0,0,1,0,0,0,0,0,0,0,0,0,0,0,0,0,0
774,700,624,553,478,404,363,235,141,91,23,1,0,0,0,0,0,0,0,0,0,0,0,0,0,0,0,0,0,0
779,701,626,553,480,402,366,240,142,86,22,2,0,0,0,0,0,0,0,2,0,0,0,0,0,0,0,0,0,0
781,701,624,552,476,405,365,239,137,87,18,0,0,0,0,0,0,0,0,0,0,0,0,0,0,0,0,0,0,0
783,704,624,558,477,403,368,242,142,88,17,0,0,0,0,0,0,0,0,0,0,0,0,0,0,0,0,0,0,0
784,703,625,557,475,401,365,238,141,87,15,0,0,5,0,0,0,0,0,0,0,0,0,0,0,0,0,0,0,0
785,703,626,563,477,399,369,240,142,86,13,0,0,3,0,1,0,0,0,0,0,0,0,0,0,0,0,0,0,0
785,702,626,560,475,399,369,235,138,86,11,0,0,3,0,4,0,0,0,0,0,0,0,0,0,0,0,0,0,0
786,703,631,564,478,397,372,237,139,85,12,0,0,1,0,0,0,0,0,0,0,0,0,0,0,0,0,0,0,0
786,704,632,562,477,400,368,233,137,80,12,0,0,0,0,0,0,0,0,0,0,0,0,0,0,0,0,0,0,0
787,705,632,567,480,398,368,237,139,79,15,1,0,0,0,0,0,0,0,0,0,0,0,0,0,0,0,0,0,0
787,705,634,563,481,399,366,236,134,78,10,0,4,0,0,0,0,0,0,0,0,0,0,0,0,0,0,0,0,0
787,706,635,566,484,399,373,238,135,76,12,0,2,0,0,0,0,0,0,0,0,0,0,0,0,0,0,0,0,0
786,704,633,567,484,401,369,234,134,78,11,1,1,0,0,0,0,0,0,0,0,0,0,0,0,0,0,0,0,0
786,707,635,570,485,398,372,239,135,75,17,3,0,0,0,0,0,0,0,0,0,0,0,0,0,0,0,0,0,0
786,706,635,570,485,402,369,237,132,78,15,0,0,0,0,0,0,0,0,0,0,0,0,0,0,0,0,0,0,0
787,706,638,573,488,401,373,238,133,80,18,2,0,0,0,0,0,0,0,0,0,0,0,0,0,0,0,0,0,0
788,704,639,571,484,400,372,237,132,77,14,0,0,0,0,0,0,0,0,0,0,0,0,0,0,0,0,0,0,0
789,706,640,572,488,399,380,237,134,80,18,0,0,0,0,0,0,0,0,0,0,0,0,0,0,0,0,0,0,0
789,705,638,570,486,403,374,234,133,82,16,0,0,0,0,0,0,0,0,0,0,0,0,0,0,0,0,0,0,0
792,708,640,572,491,403,377,234,133,78,19,4,0,0,0,0,0,0,0,0,0,0,0,0,0,0,0,0,0,0
792,707,637,570,488,403,374,229,131,76,13,1,0,0,0,1,0,0,0,0,0,0,0,0,0,0,0,0,0,0
795,711,639,571,488,400,379,230,132,76,13,1,0,0,0,0,0,0,0,0,0,0,0,0,0,0,0,0,0,0
795,711,636,567,487,402,376,226,130,79,16,1,0,0,0,0,0,0,0,0,0,0,0,0,0,0,0,0,0,0
795,711,641,571,490,402,378,231,134,78,17,0,0,4,0,0,0,0,0,0,0,0,0,0,0,0,0,0,0,0
796,710,639,567,487,406,372,230,128,77,24,0,0,0,2,0,0,0,0,0,0,0,0,0,0,0,0,0,0,0
798,712,642,570,488,404,374,233,134,83,26,1,0,0,0,0,0,0,0,0,0,0,0,0,0,0,0,0,0,0
797,712,641,568,486,404,369,227,131,82,23,0,0,0,0,0,0,0,0,0,0,0,0,0,0,0,0,0,0,0
798,713,645,568,488,403,373,229,137,83,24,0,0,0,0,0,0,0,0,0,0,0,0,0,0,0,0,0,0,0
799,711,644,568,486,408,371,227,136,82,20,0,0,0,0,0,0,0,0,0,0,0,0,0,0,0,0,0,0,0
799,712,646,569,490,409,373,227,139,82,19,3,0,3,0,0,0,2,0,0,0,0,0,0,0,0,0,0,0,0
800,712,643,570,485,409,369,223,136,83,14,0,0,0,0,0,1,0,0,0,0,0,0,0,0,0,0,0,0,0
801,712,646,572,490,405,375,227,138,82,12,0,2,0,0,0,0,0,0,0,0,0,0,0,0,0,0,0,0,0
800,712,645,572,488,405,373,225,136,81,12,0,1,3,0,0,0,0,0,0,0,0,0,0,0,0,0,0,0,0
801,713,647,575,489,403,377,228,140,86,11,0,0,1,4,0,0,0,0,0,0,0,0,0,0,0,0,0,0,0
800,712,645,575,491,407,374,228,139,85,13,0,0,0,1,0,0,0,0,0,0,0,0,0,0,0,0,0,0,0
801,713,647,578,493,405,378,235,145,85,11,0,0,0,0,0,0,0,0,0,0,0,0,0,0,0,0,0,0,0
802,712,644,576,491,406,373,233,144,84,6,2,0,0,0,0,0,0,0,0,0,0,0,0,0,0,0,0,0,0
802,712,646,580,493,405,375,238,148,80,9,1,3,0,0,0,0,0,0,0,0,0,0,0,0,0,0,0,0,0
804,711,646,577,490,405,371,234,144,76,7,0,6,0,0,0,0,0,0,0,0,0,0,0,0,0,0,0,0,0
805,712,648,579,493,408,372,235,148,73,9,0,0,0,0,0,0,0,0,0,0,0,0,0,0,0,0,0,0,0
807,713,648,576,491,416,368,235,146,72,5,2,0,0,0,0,0,0,0,0,0,0,0,0,0,0,0,0,0,0
808,714,649,581,494,415,371,238,147,72,4,6,0,0,0,0,0,0,0,0,0,0,0,0,0,0,0,0,0,0
808,715,651,580,494,416,365,238,141,76,3,5,0,0,0,0,0,0,0,0,0,0,0,0,0,0,0,0,0,0
810,716,651,581,499,415,371,239,145,79,5,8,0,1,0,0,0,0,0,0,0,0,0,0,0,0,0,0,0,0
811,714,648,580,495,417,365,239,142,76,4,7,0,0,0,0,0,0,0,0,0,0,0,0,0,0,0,0,0,0
814,717,648,582,500,419,367,240,143,77,4,6,0,0,1,0,0,0,0,0,0,0,0,0,0,0,0,0,0,0
814,717,649,579,497,418,363,235,145,77,0,3,0,0,0,0,0,0,0,0,0,0,0,0,0,0,0,0,0,0
816,718,651,581,498,415,363,241,146,79,3,5,0,1,0,0,0,0,0,0,0,0,0,0,0,0,0,0,0,0
816,718,650,582,497,415,360,236,142,77,4,0,0,4,0,0,0,0,0,0,0,0,0,0,0,0,0,0,0,0
817,719,655,583,498,411,364,236,142,77,5,7,0,7,0,0,0,0,0,0,0,0,0,0,0,0,0,0,0,0
817,717,654,583,496,415,361,234,139,82,1,7,0,9,0,0,0,0,0,0,0,0,0,0,0,0,0,0,0,0
817,721,654,587,500,413,362,235,140,80,3,8,0,3,0,0,0,0,0,0,0,0,0,0,0,0,0,0,0,0
816,720,654,585,496,418,359,232,139,81,0,5,0,7,0,0,0,0,0,0,0,0,0,0,0,0,0,0,0,0
816,720,655,587,499,419,364,236,141,83,2,3,0,3,0,0,0,0,0,0,0,0,0,0,0,0,0,0,0,0
815,719,656,585,496,418,359,233,142,82,0,4,2,5,0,0,0,0,0,0,0,0,0,0,0,0,0,0,0,0
815,721,657,588,498,416,363,234,147,81,2,4,2,1,0,0,0,0,0,0,0,0,0,0,0,0,0,0,0,0
814,722,656,587,497,416,361,230,145,82,1,0,0,2,0,0,0,0,0,0,0,0,0,0,0,0,0,0,0,0
814,723,657,588,498,414,363,235,151,77,2,2,0,0,0,0,0,0,0,0,0,0,0,0,0,0,0,0,0,0
813,723,655,589,496,413,358,233,153,76,0,0,0,0,0,0,0,0,0,0,0,0,0,0,0,0,0,0,0,0
814,724,657,591,497,410,366,238,153,75,8,2,0,0,0,0,0,0,0,0,0,0,0,0,0,0,0,0,0,0
814,724,656,593,495,412,364,233,149,76,9,1,0,0,0,0,0,0,0,0,0,0,0,0,0,0,0,0,0,0
814,725,657,594,495,409,369,237,153,75,10,4,0,0,0,0,0,0,0,0,0,0,0,0,0,0,0,0,0,0
813,724,659,592,492,411,368,236,147,75,14,1,0,0,0,0,0,0,0,0,0,0,0,0,0,0,0,0,0,0
814,726,662,597,493,409,370,241,150,77,15,0,0,0,0,0,0,0,0,0,0,0,0,0,0,0,0,0,0,0
814,726,664,595,491,409,369,240,148,79,17,0,0,0,0,0,0,0,0,0,0,0,0,0,0,0,0,0,0,0
816,727,666,598,494,407,371,242,151,80,16,0,8,0,0,1,0,0,0,0,0,0,0,0,0,0,0,0,0,0
815,727,667,598,493,409,369,239,149,80,12,1,9,0,0,0,0,0,0,0,0,0,0,0,0,0,0,0,0,0
815,729,668,602,494,406,370,243,152,80,11,12,5,0,0,0,0,0,0,0,0,0,0,0,0,0,0,0,0,0
816,728,667,601,491,407,366,242,151,79,8,9,2,0,0,0,0,0,0,0,0,0,0,0,0,0,0,0,0,0
817,729,668,602,494,407,374,243,152,84,7,11,0,0,0,0,0,0,0,0,0,0,0,0,0,0,0,0,0,0
816,730,667,601,492,408,369,242,148,83,5,14,0,0,0,0,0,0,0,0,0,0,0,0,0,0,0,0,0,0
817,733,671,605,494,405,376,244,149,84,8,15,0,0,0,0,0,0,0,0,0,0,0,0,0,0,0,0,0,0
818,731,669,607,491,408,371,240,144,81,2,11,0,0,0,0,0,0,0,0,0,0,0,0,0,0,0,0,0,0
819,733,670,611,494,409,375,240,147,79,3,9,0,0,0,0,0,0,0,0,0,0,0,0,0,0,0,0,0,0
819,732,667,610,493,411,372,236,142,78,0,9,0,0,0,0,0,0,0,0,0,0,0,0,0,0,0,0,0,0
823,732,669,613,494,408,378,236,143,83,0,10,0,0,0,0,0,0,0,0,0,0,0,0,0,0,0,0,0,0
822,731,670,610,490,411,373,234,140,86,0,6,0,0,1,0,0,0,0,0,0,0,0,0,0,0,0,0,0,0
822,733,672,614,491,410,375,238,143,87,0,4,0,0,0,0,0,0,0,0,0,0,0,0,0,0,0,0,0,0
823,732,672,614,487,411,370,235,141,86,3,1,0,0,0,0,0,0,0,0,0,0,0,0,0,0,0,0,0,0
824,736,673,614,489,412,371,236,145,89,2,1,0,0,0,0,0,0,0,0,0,0,0,0,0,0,0,0,0,0
823,737,671,613,486,417,371,232,145,90,0,0,0,0,0,0,0,0,0,0,0,0,0,0,0,0,0,0,0,0
823,740,674,614,490,413,376,236,145,89,0,0,0,0,0,0,0,0,0,0,0,0,0,0,0,0,0,0,0,0
822,740,671,613,487,414,372,233,141,88,0,0,0,0,0,0,0,0,0,0,0,0,0,0,0,0,0,0,0,0
824,743,672,616,488,414,379,237,142,87,0,0,0,0,0,0,0,0,0,0,0,0,0,0,0,0,0,0,0,0
825,743,669,616,485,414,374,235,143,87,0,0,0,0,0,0,0,0,0,0,0,0,0,0,0,0,0,0,0,0
825,744,671,617,488,414,377,239,147,91,5,1,0,0,0,0,0,0,0,0,0,0,0,0,0,0,0,0,0,0
825,744,669,613,488,415,376,239,144,92,1,0,1,0,0,0,0,0,0,0,0,0,0,0,0,0,0,0,0,0
825,745,672,615,491,412,379,243,146,92,5,0,0,2,0,0,0,0,0,0,0,0,0,0,0,0,0,0,0,0
825,747,670,612,487,411,378,239,145,92,0,0,0,0,0,0,0,0,0,0,0,0,0,0,0,0,0,0,0,0
829,748,672,613,489,410,382,242,148,93,0,0,0,0,0,0,0,0,0,0,0,0,0,0,0,0,0,0,0,0
828,747,670,614,488,410,378,238,141,91,0,0,0,0,0,0,1,0,0,0,0,0,0,0,0,0,0,0,0,0
831,750,675,615,491,406,383,241,145,94,0,1,0,0,0,0,0,0,0,0,0,0,0,0,0,0,0,0,0,0
831,751,673,613,491,407,380,237,144,94,0,0,1,0,0,5,0,0,0,0,0,0,0,0,0,0,0,0,0,0
831,752,676,617,496,408,383,243,146,91,1,0,7,0,0,1,0,0,0,1,0,0,0,0,0,0,0,0,0,0
832,751,675,618,496,408,377,236,144,87,2,2,2,3,0,0,0,0,0,0,0,0,0,0,0,0,0,0,0,0
833,752,675,618,498,407,379,241,149,87,6,4,3,0,0,0,0,0,0,0,0,0,0,0,0,0,0,0,0,0
832,751,677,617,496,410,374,241,144,86,4,7,2,0,0,3,0,0,0,0,0,0,0,0,0,0,0,0,0,0
832,753,678,617,501,408,377,246,146,88,10,11,3,0,0,5,1,0,0,0,0,0,0,0,0,0,0,0,0,0
831,753,678,613,498,408,374,243,143,89,9,9,0,0,1,0,0,0,0,0,0,0,0,0,0,0,0,0,0,0
832,757,679,618,500,405,378,245,146,92,11,13,0,0,0,0,0,0,0,0,0,0,0,0,0,0,0,0,0,0
832,759,677,616,497,408,374,244,141,92,10,19,0,0,0,0,0,0,0,0,0,0,0,0,0,0,0,0,0,0
833,760,680,617,502,407,379,247,141,95,8,20,1,2,0,0,0,0,0,0,0,0,0,0,0,0,0,0,0,0
834,760,681,616,500,408,373,243,137,96,13,19,0,3,0,0,0,0,0,0,0,0,0,0,0,0,0,0,0,0
834,761,681,617,502,409,374,249,139,95,14,23,0,1,0,0,0,0,0,0,0,0,0,0,0,0,0,0,0,0
834,760,680,613,498,411,368,249,140,94,13,22,3,0,1,0,0,0,0,0,0,0,0,0,0,0,0,0,0,0
834,760,681,613,501,409,370,258,143,92,13,23,2,0,0,0,0,0,0,0,0,0,0,0,0,0,0,0,0,0
833,759,679,612,501,412,368,251,140,90,10,20,2,0,0,0,0,0,0,0,0,0,0,0,0,0,0,0,0,0
834,759,679,618,507,416,369,256,142,88,10,21,6,0,2,0,0,0,0,0,0,0,0,0,0,0,0,0,0,0
834,757,677,619,504,419,363,255,144,85,7,18,3,0,3,0,2,0,0,0,0,0,0,0,0,0,0,0,0,0
836,758,679,619,510,416,367,257,144,86,8,16,4,0,0,0,2,0,0,0,0,0,0,0,0,0,0,0,0,0
835,757,677,619,509,417,364,253,141,87,10,15,2,10,0,0,0,0,0,0,0,0,0,0,0,0,0,0,0,0
837,759,678,621,509,414,366,260,143,86,8,13,1,4,0,0,0,0,0,0,0,0,0,0,0,0,0,0,0,0
837,759,678,617,507,415,362,258,139,87,7,11,0,6,0,0,0,0,0,0,0,0,0,0,0,0,0,0,0,0
837,761,679,620,508,414,363,264,144,84,6,8,0,1,0,0,0,0,0,0,0,0,0,0,0,0,0,0,0,0
836,763,677,616,504,416,358,258,144,86,7,7,0,8,0,0,0,3,0,0,0,0,0,0,0,0,0,0,0,0
838,764,680,616,505,415,362,258,147,87,7,4,0,4,0,0,0,0,0,0,0,0,0,0,0,0,0,0,0,0
838,764,679,612,504,418,359,256,143,88,4,2,0,6,0,0,0,0,0,0,0,0,0,0,0,0,0,0,0,0
839,765,681,613,506,415,365,256,148,89,4,4,2,0,0,0,0,0,0,0,0,0,0,0,0,0,0,0,0,0
838,763,679,610,503,415,360,259,147,92,1,3,0,2,0,0,0,0,0,0,0,0,0,0,0,0,0,0,0,0
838,764,680,612,504,411,362,260,150,96,0,2,0,0,0,0,0,0,0,0,0,0,0,0,0,0,0,0,0,0
838,764,678,609,500,412,358,259,148,99,1,0,0,7,0,0,0,0,0,0,0,0,0,0,0,0,0,0,0,0
840,765,683,613,501,408,360,264,154,98,0,0,0,6,0,0,0,0,0,0,0,0,0,0,0,0,0,0,0,0
840,763,681,610,497,407,356,259,150,98,0,2,1,7,0,0,0,0,0,0,0,0,0,0,0,0,0,0,0,0
841,766,685,614,498,405,360,262,150,99,3,0,3,2,0,0,0,0,0,0,0,0,0,0,0,0,0,0,0,0
842,766,682,613,495,405,356,259,145,96,1,1,0,5,0,0,0,0,0,0,0,0,0,0,0,0,0,0,0,0
842,769,685,613,499,405,362,262,147,99,1,0,0,6,0,0,0,0,0,0,0,0,0,0,0,0,0,0,0,0
842,768,682,610,495,408,357,264,143,98,3,0,0,7,0,0,0,0,0,0,0,0,0,0,0,0,0,0,0,0
843,768,685,613,496,407,361,265,143,97,5,0,0,5,0,0,0,0,0,0,0,0,0,0,0,0,0,0,0,0
843,768,682,611,495,408,356,262,144,95,5,0,0,3,0,0,0,0,0,0,0,0,0,0,0,0,0,0,0,0
843,769,682,612,497,407,361,268,146,99,6,0,1,0,0,0,0,0,0,0,0,0,0,0,0,0,0,0,0,0
843,769,680,610,498,410,357,263,144,102,4,0,2,0,0,0,0,0,0,0,0,0,0,0,0,0,0,0,0,0
843,774,682,612,503,408,361,265,152,111,6,0,0,0,0,0,0,0,0,0,0,0,0,0,0,0,0,0,0,0
842,772,681,609,500,408,357,261,150,113,8,4,8,0,0,0,0,0,0,0,0,0,0,0,0,0,0,0,0,0
844,772,682,610,502,408,358,265,153,113,9,1,6,0,0,0,0,0,0,0,0,0,0,0,0,0,0,0,0,0
845,771,683,609,497,413,355,263,150,114,10,3,5,0,0,1,0,0,0,0,0,0,0,0,0,0,0,0,0,0
845,772,684,612,498,410,358,267,151,114,6,0,4,0,0,0,0,0,0,0,0,0,0,0,0,0,0,0,0,0
844,773,681,610,494,413,352,267,149,118,6,0,7,0,0,0,0,0,0,0,0,0,0,0,0,0,0,0,0,0
845,774,684,611,496,417,355,267,150,116,12,0,6,0,0,0,0,0,0,0,0,0,0,0,0,0,0,0,0,0
844,775,681,609,492,420,353,265,146,114,12,3,5,0,0,0,0,0,0,0,0,0,0,0,0,0,0,0,0,0
844,775,684,612,495,418,357,270,146,115,18,0,2,0,0,0,0,0,0,0,0,0,0,0,0,0,0,0,0,0
843,775,685,611,492,417,355,265,145,115,15,4,2,0,0,0,0,0,0,0,0,0,0,0,0,0,0,0,0,0
844,775,687,611,493,415,357,266,148,114,15,2,1,0,0,0,0,0,0,0,0,0,0,0,0,0,0,0,0,0
844,774,686,609,494,415,356,261,145,109,11,0,3,0,0,0,0,0,0,0,0,0,0,0,0,0,0,0,0,0
844,776,689,612,495,413,361,264,148,112,7,0,0,0,1,0,0,0,0,0,0,0,0,0,0,0,0,0,0,0
845,776,687,609,493,414,359,258,142,113,9,0,0,0,0,0,0,0,0,0,0,0,0,0,0,0,0,0,0,0
848,780,690,612,493,412,369,264,145,112,11,0,0,0,0,0,0,0,0,0,0,0,0,0,0,0,0,0,0,0
848,779,688,611,492,412,366,259,143,115,13,0,0,0,0,0,0,0,0,0,0,0,0,0,0,0,0,0,0,0
850,780,689,611,492,415,368,262,146,116,11,2,0,0,0,0,0,0,0,0,0,0,0,0,0,0,0,0,0,0
849,779,688,609,487,414,366,259,145,115,18,4,0,0,0,0,0,0,0,0,0,0,0,0,0,0,0,0,0,0
849,779,690,612,489,411,371,260,147,120,21,6,1,0,0,0,0,0,0,0,0,0,0,0,0,0,0,0,0,0
848,779,691,609,488,416,367,256,142,118,22,4,1,0,0,0,0,0,0,0,0,0,0,0,0,0,0,0,0,0
848,781,692,611,492,416,373,265,143,118,22,0,1,0,0,0,0,0,0,0,0,0,0,0,0,0,0,0,0,0
847,780,693,611,490,419,368,261,143,120,23,0,7,0,0,0,0,0,0,0,0,0,0,0,0,0,0,0,0,0
848,782,695,615,493,418,370,261,146,119,25,0,4,0,0,0,0,0,0,0,0,0,0,0,0,0,0,0,0,0
848,781,696,614,493,418,366,256,143,118,31,0,7,0,0,0,0,0,0,0,0,0,0,0,0,0,0,0,0,0
850,781,696,616,494,417,367,258,148,120,33,0,5,0,0,0,0,0,0,0,0,0,0,0,0,0,0,0,0,0
851,780,696,615,491,416,362,257,144,120,31,2,7,0,0,0,0,0,0,0,0,0,0,0,0,0,0,0,0,0
853,784,697,616,496,415,365,257,145,118,29,0,2,0,0,0,0,0,0,0,0,0,0,0,0,0,0,0,0,0
852,784,696,614,494,418,360,250,142,116,25,0,0,0,0,0,0,0,0,0,0,0,0,0,0,0,0,0,0,0
853,785,699,618,499,417,362,251,144,115,21,0,0,0,0,0,0,0,0,0,0,0,0,0,0,0,0,0,0,0
853,785,697,616,500,416,360,251,139,113,17,0,0,0,0,0,0,0,0,0,0,0,0,0,0,0,0,0,0,0
855,788,698,617,506,413,364,255,141,114,18,0,0,0,0,0,0,0,0,0,0,0,0,0,0,0,0,0,0,0
854,788,700,614,506,414,361,252,140,115,20,2,2,0,0,0,0,0,0,0,0,0,0,0,0,0,0,0,0,0
855,789,702,615,510,411,367,255,142,115,21,0,2,0,0,0,0,0,0,0,0,0,0,0,0,0,0,0,0,0
856,787,705,612,506,410,363,249,144,114,22,2,0,0,0,1,0,0,0,0,0,0,0,0,0,0,0,0,0,0
858,789,707,614,508,407,372,249,144,112,21,0,4,0,0,0,0,0,0,0,0,0,0,0,0,0,0,0,0,0
858,787,704,611,507,407,369,244,141,109,21,0,1,1,0,0,0,0,0,0,0,0,0,0,0,0,0,0,0,0
858,787,706,613,511,408,370,244,141,105,20,0,0,0,0,0,0,0,0,0,0,0,0,0,0,0,0,0,0,0
857,787,708,610,508,410,366,241,143,107,18,0,0,0,0,0,0,0,0,0,0,0,0,0,0,0,0,0,0,0
857,791,711,613,514,409,369,244,148,103,18,0,0,0,0,0,0,0,0,0,0,0,0,0,0,0,0,0,0,0
857,789,709,610,512,408,367,241,144,104,18,2,0,0,0,0,0,0,0,0,0,0,0,0,0,0,0,0,0,0
858,791,709,610,515,407,369,243,147,101,21,4,1,0,0,0,0,0,0,0,0,0,0,0,0,0,0,0,0,0
858,791,707,606,512,407,365,242,145,98,22,3,0,0,0,0,0,0,0,0,0,0,0,0,0,0,0,0,0,0
859,793,708,608,513,408,371,249,146,97,23,2,0,0,0,0,0,0,0,0,0,0,0,0,0,0,0,0,0,0
858,794,707,607,509,410,366,248,139,97,20,1,0,0,0,0,0,0,0,0,0,0,0,0,0,0,0,0,0,0
859,794,708,610,512,408,368,251,140,98,23,1,0,0,0,0,0,0,0,0,0,0,0,0,0,0,0,0,0,0
858,794,707,606,511,408,367,249,142,97,18,3,0,0,0,0,0,0,0,0,0,0,0,0,0,0,0,0,0,0
861,796,707,609,514,408,372,252,143,98,15,4,0,0,0,0,0,1,0,0,0,0,0,0,0,0,0,0,0,0
861,795,705,606,513,409,369,251,137,101,16,4,0,0,0,0,0,0,0,0,0,0,0,0,0,0,0,0,0,0
862,796,706,608,513,408,374,253,142,99,17,5,0,0,0,0,0,0,0,0,0,0,0,0,0,0,0,0,0,0
861,795,708,606,509,409,370,250,140,98,14,3,1,0,0,0,0,0,0,0,0,0,0,0,0,0,0,0,0,0
861,797,711,609,511,408,375,255,144,96,13,2,0,0,0,0,0,0,0,0,0,0,0,0,0,0,0,0,0,0
860,795,709,606,511,412,369,253,145,97,10,3,0,0,4,0,0,0,0,2,0,0,0,0,0,0,0,0,0,0
861,796,712,606,513,411,373,258,146,95,12,7,5,0,0,0,0,0,0,1,0,0,0,0,0,0,0,0,0,0
863,796,710,603,509,410,369,255,144,95,12,5,4,0,4,0,0,0,0,0,0,0,0,0,0,0,0,0,0,0
863,796,711,605,513,410,371,258,150,97,13,9,1,1,2,0,0,0,0,0,0,0,0,0,0,0,0,0,0,0
862,798,709,603,509,412,368,253,147,93,11,8,0,0,2,0,0,0,0,0,0,0,0,0,0,0,0,0,0,0
864,798,710,607,515,414,373,256,149,89,11,11,0,0,0,1,0,0,0,0,0,0,0,0,0,0,0,0,0,0
864,798,707,604,515,416,368,252,144,88,9,7,0,0,0,0,0,0,0,0,0,0,0,0,0,0,0,0,0,0
865,799,707,606,519,417,369,257,147,88,11,6,0,0,0,0,0,0,0,0,0,0,0,0,0,0,0,0,0,0
866,798,705,606,517,419,366,253,145,89,12,3,0,0,0,0,0,0,0,0,0,0,0,0,0,0,0,0,0,0
866,799,706,606,519,419,369,256,149,87,13,7,0,0,0,0,0,0,0,0,0,0,0,0,0,0,0,0,0,0
865,798,704,606,517,419,365,253,149,89,14,3,0,4,0,0,0,0,0,0,0,0,0,0,0,0,0,0,0,0
